Customer_ID,First_name,Last_name,Email,Reg_date
C0001,Maria ,Luty,M.Luty@hotmail.co.uk,2017-06-23
C0002,Tara,Lazenby,T.Lazenby@gmail.com,2016-05-12
C0003,Kevin,Dyson,K.Dyson@yahoo.co.uk,2017-09-09
C0004,Tom,Keenan,T.Keenan@outlook.co.uk,2018-01-17
C0005,Adam,Downing,A.Downing@outlook.com,2018-02-22
